[
  {
    "Id": "1359170",
    "ThreadId": "584251",
    "Html": "Hi,\r<br />\ni developed a client that use &quot;webcam_capture.dll&quot; but have a problem: when program runs i can't use &quot;Copy&quot; and &quot;Paste&quot; functionality in all windows programs. \r<br />\nSomeone knows why and how is possible to solve the problem?\r<br />\n<br />\nThanks in advance for your help.\r<br />\n<br />\nChristian<br />\n",
    "PostedDate": "2015-03-02T23:27:46.667-08:00",
    "UserRole": null,
    "MarkedAsAnswerDate": null
  }
]