[
  {
    "Id": "78590",
    "Title": "Origin of WebCam_Capture.dll",
    "LatestDate": "2015-02-17T17:46:12.76-08:00"
  },
  {
    "Id": "79216",
    "Title": "Framerate video capture device",
    "LatestDate": "2009-12-28T13:26:33.517-08:00"
  },
  {
    "Id": "80609",
    "Title": "Any way to capture and send via IP?",
    "LatestDate": "2010-01-12T13:14:08.117-08:00"
  },
  {
    "Id": "82572",
    "Title": "video capturing",
    "LatestDate": "2010-01-30T23:17:24.173-08:00"
  },
  {
    "Id": "83888",
    "Title": "Problems testing WebCam Library",
    "LatestDate": "2010-02-11T08:34:01.04-08:00"
  },
  {
    "Id": "203860",
    "Title": "Error on prees Video Source Button",
    "LatestDate": "2010-03-04T13:05:17.8-08:00"
  },
  {
    "Id": "209308",
    "Title": "Size Up the picturebox ...",
    "LatestDate": "2017-01-04T08:42:27.357-08:00"
  },
  {
    "Id": "222266",
    "Title": "Stopping the Camera",
    "LatestDate": "2014-06-12T06:30:48.677-07:00"
  },
  {
    "Id": "224374",
    "Title": "video capturing ",
    "LatestDate": "2010-08-21T18:15:54.983-07:00"
  },
  {
    "Id": "224680",
    "Title": "Image resolution",
    "LatestDate": "2015-03-05T01:41:49.45-08:00"
  },
  {
    "Id": "236650",
    "Title": "save video",
    "LatestDate": "2010-11-30T23:16:18.037-08:00"
  },
  {
    "Id": "239863",
    "Title": "how can we directly access capture source",
    "LatestDate": "2010-12-29T01:27:27.423-08:00"
  },
  {
    "Id": "247674",
    "Title": "Error occured",
    "LatestDate": "2014-08-20T07:34:06.71-07:00"
  },
  {
    "Id": "263374",
    "Title": "Start 2 webcam simultaneouslly in vb.net",
    "LatestDate": "2014-04-24T00:12:06.603-07:00"
  },
  {
    "Id": "274380",
    "Title": "How to Check if Webcam is connected (or avaliable)",
    "LatestDate": "2011-09-30T07:15:19.11-07:00"
  },
  {
    "Id": "287325",
    "Title": "Detect an error",
    "LatestDate": "2012-01-25T02:15:50.443-08:00"
  },
  {
    "Id": "287478",
    "Title": "Why does this library use the clipboard?",
    "LatestDate": "2012-01-26T04:40:48.977-08:00"
  },
  {
    "Id": "362515",
    "Title": "When webcam active, cursor on textbox responding slowly",
    "LatestDate": "2012-07-09T03:56:43.513-07:00"
  },
  {
    "Id": "395989",
    "Title": "An error occurred while capturing the video image. The video capture will now be terminated.",
    "LatestDate": "2012-09-18T14:04:35.16-07:00"
  },
  {
    "Id": "454223",
    "Title": "Two cameras simulatneously",
    "LatestDate": "2013-11-08T11:21:52.977-08:00"
  },
  {
    "Id": "532678",
    "Title": "Regarding Checking camera status",
    "LatestDate": "2014-02-18T21:14:09.453-08:00"
  },
  {
    "Id": "561311",
    "Title": "Doesn't run on tablets with dual webcams",
    "LatestDate": "2014-08-15T07:50:12.74-07:00"
  },
  {
    "Id": "577838",
    "Title": "How to set capture source manually",
    "LatestDate": "2015-01-15T22:20:48.73-08:00"
  },
  {
    "Id": "584251",
    "Title": "Copy and Paste using WebCam_Capture",
    "LatestDate": "2015-03-02T23:27:46.667-08:00"
  },
  {
    "Id": "586282",
    "Title": "Streaming Two Webcams Simultaneously",
    "LatestDate": "2015-03-13T11:11:50.513-07:00"
  }
]