[
  {
    "Id": "484259",
    "ThreadId": "224680",
    "Html": "<p>Hello,</p>\r\n<p>Is there a way under webcamcapture.config to add resolution higher than 640/480?</p>\r\n<p>Thank</p>\r\n<p>ML</p>",
    "PostedDate": "2010-08-24T10:33:28.733-07:00",
    "UserRole": null,
    "MarkedAsAnswerDate": null
  },
  {
    "Id": "532209",
    "ThreadId": "224680",
    "Html": "\r\n<p>Have you ever found a way to make higher resolution???</p>\r\n",
    "PostedDate": "2010-12-07T03:39:21.237-08:00",
    "UserRole": null,
    "MarkedAsAnswerDate": null
  },
  {
    "Id": "548775",
    "ThreadId": "224680",
    "Html": "\r\n<p>If you have a camera with better resolution, perhaps. I&acute;m doing an experiment with that. I will expose the results.</p>\r\n",
    "PostedDate": "2011-01-13T08:38:04.17-08:00",
    "UserRole": null,
    "MarkedAsAnswerDate": null
  },
  {
    "Id": "664449",
    "ThreadId": "224680",
    "Html": "<p>Hi,</p>\r\n<p>How can I specify a higher resolution ? I have 1280x960 (720p).</p>\r\n<p>Thanks.</p>",
    "PostedDate": "2011-08-28T05:48:18.1-07:00",
    "UserRole": null,
    "MarkedAsAnswerDate": null
  },
  {
    "Id": "1237383",
    "ThreadId": "224680",
    "Html": "Hi morphus, in fact, why don't you check out this guide for <a href=\"http://www.yiigo.com/guides/vbnet/how-to-process-image.shtml\" rel=\"nofollow\">image processing</a> which includes resolution adjustment?\r<br />\n<br />\nRegards,\r<br />\nThomas<br />\n",
    "PostedDate": "2014-04-23T23:49:29.483-07:00",
    "UserRole": null,
    "MarkedAsAnswerDate": null
  },
  {
    "Id": "1241398",
    "ThreadId": "224680",
    "Html": "I always use <a href=\"http://www.rasteredge.com/dotnet-imaging/features.shtml\" rel=\"nofollow\">image library</a> to adjust image resolution.<br />\n",
    "PostedDate": "2014-05-04T23:13:14.03-07:00",
    "UserRole": null,
    "MarkedAsAnswerDate": null
  },
  {
    "Id": "1360013",
    "ThreadId": "224680",
    "Html": "How can I specify a higher resolution, have 640x480 ?\r<br />\n<br />\nThanks.<br />\n",
    "PostedDate": "2015-03-05T01:41:49.45-08:00",
    "UserRole": null,
    "MarkedAsAnswerDate": null
  }
]