[
  {
    "Id": "572519",
    "ThreadId": "247674",
    "Html": "\r\n<p>&quot;An error occured while capturing the video image. The video capture will now be terminated. Object reference not set to an instance of an object.&quot;</p>\r\n<p>&nbsp;</p>\r\n<p>I tried the downloadable C# project and that error shows whenever I try starting the webcam. I don't know what's wrong, but I doubt that there's a camera issue because I tried other approach for using webcam and it works. I wonder why this does not.</p>\r\n",
    "PostedDate": "2011-02-26T05:03:12.37-08:00",
    "UserRole": null,
    "MarkedAsAnswerDate": null
  },
  {
    "Id": "683784",
    "ThreadId": "247674",
    "Html": "<p>I'm having the same problem.&nbsp; The webcam works with msn and skype but not with this library?&nbsp; Any Ideas what is causing this problem?</p>",
    "PostedDate": "2011-10-13T08:57:54.583-07:00",
    "UserRole": null,
    "MarkedAsAnswerDate": null
  },
  {
    "Id": "706918",
    "ThreadId": "247674",
    "Html": "<p>Same problem to me... My webcam is a Microsoft LifeCam VX-700 V2 USB and working well on other programs...what can i do?</p>",
    "PostedDate": "2011-12-03T07:31:29.65-08:00",
    "UserRole": null,
    "MarkedAsAnswerDate": null
  },
  {
    "Id": "720818",
    "ThreadId": "247674",
    "Html": "<p>I got the same problem on one of the machine which has USB2.0 UVC 2M Webcam driver. Works fine on another machine uses Microsoft LifeCam VX-500 driver.</p>",
    "PostedDate": "2012-01-05T07:00:02.517-08:00",
    "UserRole": null,
    "MarkedAsAnswerDate": null
  },
  {
    "Id": "1284451",
    "ThreadId": "247674",
    "Html": "Hello everyone! Do you have any update for this error? Thank you<br />\n",
    "PostedDate": "2014-08-04T02:20:20.833-07:00",
    "UserRole": null,
    "MarkedAsAnswerDate": null
  },
  {
    "Id": "1291722",
    "ThreadId": "247674",
    "Html": "This code just doesn't work on devices with more than one camera, I've given up and gone to other methods.<br />\n",
    "PostedDate": "2014-08-20T07:34:06.71-07:00",
    "UserRole": null,
    "MarkedAsAnswerDate": null
  }
]