[
  {
    "Id": "914311",
    "ThreadId": "395989",
    "Html": "\r\n<p>Hi,</p>\r\n<p>I worked on a project where I used the easywebcam code. It works great on a USB webcam and also on a laptop with an integrated camera with Windows 7. I installed the application on an Acer tablet (Windows 7) with dual camera (front\\rear) and although it\r\n prompts me to select the camera, when I select it, i get the error &quot;An error occurred while capturing the video image. The video capture will now be terminated. Object Reference not set to an instance ob an object&quot;.&nbsp;</p>\r\n<p><span>I tested the camera with Windows Live Movie Maker and the camera starts fine.</span></p>\r\n<p>&nbsp;</p>\r\n<p>Any help would be appreciated.</p>\r\n<p>&nbsp;</p>\r\n<p>Thanks in advance.&nbsp;</p>\r\n",
    "PostedDate": "2012-09-18T14:04:35.16-07:00",
    "UserRole": null,
    "MarkedAsAnswerDate": null
  }
]