[
  {
    "Id": "731029",
    "ThreadId": "287478",
    "Html": "\r\n<p>This seems to be using the clipboard&nbsp;for&nbsp;every frame, meaning if the user copies and pastes anything their data is lost. I can't see where this is in the source code, so for now I will have to look for an&nbsp;alternative. If anyone has any advice\r\n on&nbsp;alternative&nbsp;methods please let me know.</p>\r\n",
    "PostedDate": "2012-01-26T04:40:48.977-08:00",
    "UserRole": null,
    "MarkedAsAnswerDate": null
  }
]