[
  {
    "Id": "475738",
    "ThreadId": "222266",
    "Html": "<p>I'm just starting out with the STK. It's been great so far except for some reason I can't figure out how you to stop the camera? I've tried a few things but no matter what the Camera isn't released back to the OS so that other applications can use it. I've noticed that the &quot;CameraMethods&quot; object has a stop Camera function but i still can't get that to work.</p>\r\n<p>Any help would would be greatly appreciated, thanks</p>\r\n<p>-- Edit --</p>\r\n<p>The StopCamera method works fine, it just won't work inside the event launcher, i found a way around it</p>",
    "PostedDate": "2010-08-02T20:22:04.107-07:00",
    "UserRole": null,
    "MarkedAsAnswerDate": null
  },
  {
    "Id": "1255583",
    "ThreadId": "222266",
    "Html": "Hi,\r<br />\n<br />\nRussman: can you please tell me how did you done that ???\r<br />\nI also got stucked and not able to sort it out.\r<br />\n<br />\nplease let me know.\r<br />\n<br />\nAbhisar Garg\r<br />\n<a href=\"mailto:garg.abhisar@gmail.com\" rel=\"nofollow\">garg.abhisar@gmail.com</a><br />\n",
    "PostedDate": "2014-06-12T06:30:26.51-07:00",
    "UserRole": null,
    "MarkedAsAnswerDate": null
  },
  {
    "Id": "1255584",
    "ThreadId": "222266",
    "Html": "Hi, \r<br />\n<br />\nRussman: can you please tell me how did you done that ??? \r<br />\nI also got stucked and not able to sort it out. \r<br />\n<br />\nplease let me know. <br />\n",
    "PostedDate": "2014-06-12T06:30:48.677-07:00",
    "UserRole": null,
    "MarkedAsAnswerDate": null
  }
]