[
  {
    "Id": "271250",
    "ThreadId": "79216",
    "Html": "<p>Hello,</p>\r\n<p>First of all I would like to say that de Webcam Library for WPF is really great. I'm going to use it in an application which will be in a bar in the Netherlands. The library will show live video in my application. I'm using a pinnacle pctv capture card, i can see the input in my application. But the problem is it looks like it's playing on 15 fps or another frame rate then 25 fps. Is it possible to adjust the frame so that is will play smoothly.</p>\r\n<p>Hope to hear from you, and keep up the good work.</p>\r\n<p>Ivo Kuipers</p>",
    "PostedDate": "2009-12-28T13:26:33.517-08:00",
    "UserRole": null,
    "MarkedAsAnswerDate": null
  }
]