[
  {
    "Id": "1342496",
    "ThreadId": "577838",
    "Html": "I am working with WPFc#. This solution works fine its Best. But when I click on start button It always ask me to cor capture source. I want to set this capture source manually in code side. not allow user to select it. Is it possibly. \r<br />\n<br />\nPlease help me . Its urgent.\r<br />\nThank You!!\r<br />\n<br />\nMail- <a href=\"mailto:deepikawani08@gmail.com\r\nThanks\" rel=\"nofollow\">deepikawani08@gmail.com\r\nThanks</a> in advance<br />\n",
    "PostedDate": "2015-01-15T22:20:48.73-08:00",
    "UserRole": null,
    "MarkedAsAnswerDate": null
  }
]