[
  {
    "Id": "269071",
    "ThreadId": "78590",
    "Html": "<p>What is the origin of the referenced dll WebCam_Capture.dlll?&nbsp; Are you the developer?</p>\r\n<p>&nbsp;</p>",
    "PostedDate": "2009-12-18T12:40:16.66-08:00",
    "UserRole": null,
    "MarkedAsAnswerDate": null
  },
  {
    "Id": "273320",
    "ThreadId": "78590",
    "Html": "<blockquote style=\"border:solid .1em #ccc;font-style:italic;margin:.25em 1em 0 1em;padding:0 .25em 0 .25em\"><strong>mindsnapper wrote:</strong><br>\r\n<p>What is the origin of the referenced dll WebCam_Capture.dlll?&nbsp; Are you the developer?</p>\r\n<p>&nbsp;</p>\r\n</blockquote>\r\n<p>I not sure the original source version came from.</p>\r\n<p>I have original version of source but it loss with my hard drive :( so i'cant share this source.</p>\r\n<p>I use this WebCam_Capture.dll for a long time (3-4 year ago) and i derive it for easy to use with WPF.</p>",
    "PostedDate": "2010-01-05T07:31:27.9-08:00",
    "UserRole": null,
    "MarkedAsAnswerDate": null
  },
  {
    "Id": "280966",
    "ThreadId": "78590",
    "Html": "<p>I think that Webcam_Capture.dll comes from here</p>\r\n<p><a href=\"http://www.planet-source-code.com/vb/scripts/showcode.asp?lngWId=10&txtCodeId=1339\">http://www.planet-source-code.com/vb/scripts/showcode.asp?lngWId=10&amp;txtCodeId=1339</a></p>\r\n<p>Gaetan Siry</p>",
    "PostedDate": "2010-01-23T18:13:05.757-08:00",
    "UserRole": null,
    "MarkedAsAnswerDate": null
  },
  {
    "Id": "410823",
    "ThreadId": "78590",
    "Html": "<p>Yep, i think Gaetan is right, I use the same source in one of my apps, You could always .net reflector to&nbsp;disassemble&nbsp;the .dll as well, from .Reflector the start method matches exactly to the source from the link above.. There also appears to be additional libraries attached to the .dll besides the webcam class. (InstrumentDriverInterop.Ivi?, UT_Module, CG_Module)</p>\r\n<table style=\"margin-bottom:0px\" border=0 cellspacing=0 cellpadding=0 width=\"100%\">\r\n<tbody>\r\n<tr>\r\n<td style=\"padding-bottom:4px;padding-left:5px;padding-right:5px;padding-top:4px\" colspan=2 valign=top>\r\n<pre><span style=\"color:#1000a0\">public</span> <a title=System.Void href=\"http://www.aisto.com/roeder/dotnet/Default.aspx?Target=code://mscorlib:1.0.5000.0:b77a5c561934e089/System.Void\">void</a> <strong><a href=\"http://www.aisto.com/roeder/dotnet/Default.aspx?Target=code://WebCam_Capture:1.0.2395.24959/WebCam_Capture.WebCamCapture/Start(UInt64)\">Start</a></strong>(<a title=System.UInt64 href=\"http://www.aisto.com/roeder/dotnet/Default.aspx?Target=code://mscorlib:1.0.5000.0:b77a5c561934e089/System.UInt64\">ulong</a> FrameNum)\r\n{\r\n    <span style=\"color:#1000a0\">try</span>\r\n    {\r\n        <span style=\"color:#1000a0\">this</span>.<a title=\"void WebCam_Capture.WebCamCapture.Stop();\" href=\"http://www.aisto.com/roeder/dotnet/Default.aspx?Target=code://WebCam_Capture:1.0.2395.24959/WebCam_Capture.WebCamCapture/Stop()\">Stop</a>();\r\n        <span style=\"color:#1000a0\">this</span>.<a title=\"int WebCam_Capture.WebCamCapture.mCapHwnd;\" href=\"http://www.aisto.com/roeder/dotnet/Default.aspx?Target=code://WebCam_Capture:1.0.2395.24959/WebCam_Capture.WebCamCapture/mCapHwnd:Int32\">mCapHwnd</a> = <a title=\"int WebCam_Capture.WebCamCapture.capCreateCaptureWindowA(string lpszWindowName, int dwStyle, int X, int Y, int nWidth, int nHeight, int hwndParent, int nID);\" href=\"http://www.aisto.com/roeder/dotnet/Default.aspx?Target=code://WebCam_Capture:1.0.2395.24959/WebCam_Capture.WebCamCapture/capCreateCaptureWindowA(String,Int32,Int32,Int32,Int32,Int32,Int32,Int32):Int32\">capCreateCaptureWindowA</a>(<span style=\"color:#800000\">&quot;WebCap&quot;</span>, <span style=\"color:#800000\">0</span>, <span style=\"color:#800000\">0</span>, <span style=\"color:#800000\">0</span>, <span style=\"color:#1000a0\">this</span>.<a title=\"int WebCam_Capture.WebCamCapture.m_Width;\" href=\"http://www.aisto.com/roeder/dotnet/Default.aspx?Target=code://WebCam_Capture:1.0.2395.24959/WebCam_Capture.WebCamCapture/m_Width:Int32\">m_Width</a>, <span style=\"color:#1000a0\">this</span>.<a title=\"int WebCam_Capture.WebCamCapture.m_Height;\" href=\"http://www.aisto.com/roeder/dotnet/Default.aspx?Target=code://WebCam_Capture:1.0.2395.24959/WebCam_Capture.WebCamCapture/m_Height:Int32\">m_Height</a>, <span style=\"color:#1000a0\">base</span>.<a title=\"IntPtr System.Windows.Forms.Control.Handle { ... }\" href=\"http://www.aisto.com/roeder/dotnet/Default.aspx?Target=code://System.Windows.Forms:2.0.0.0:b77a5c561934e089/System.Windows.Forms.Control/property:Handle:IntPtr\">Handle</a>.<a title=\"int System.IntPtr.ToInt32();\" href=\"http://www.aisto.com/roeder/dotnet/Default.aspx?Target=code://mscorlib:1.0.5000.0:b77a5c561934e089/System.IntPtr/ToInt32():Int32\">ToInt32</a>(), <span style=\"color:#800000\">0</span>);\r\n        <a title=System.Windows.Forms.Application href=\"http://www.aisto.com/roeder/dotnet/Default.aspx?Target=code://System.Windows.Forms:1.0.5000.0:b77a5c561934e089/System.Windows.Forms.Application\">Application</a>.<a title=\"void System.Windows.Forms.Application.DoEvents();\" href=\"http://www.aisto.com/roeder/dotnet/Default.aspx?Target=code://System.Windows.Forms:1.0.5000.0:b77a5c561934e089/System.Windows.Forms.Application/DoEvents()\">DoEvents</a>();\r\n        <a title=\"int WebCam_Capture.WebCamCapture.SendMessage(int hWnd, uint Msg, int wParam, int lParam);\" href=\"http://www.aisto.com/roeder/dotnet/Default.aspx?Target=code://WebCam_Capture:1.0.2395.24959/WebCam_Capture.WebCamCapture/SendMessage(Int32,UInt32,Int32,Int32):Int32\">SendMessage</a>(<span style=\"color:#1000a0\">this</span>.<a title=\"int WebCam_Capture.WebCamCapture.mCapHwnd;\" href=\"http://www.aisto.com/roeder/dotnet/Default.aspx?Target=code://WebCam_Capture:1.0.2395.24959/WebCam_Capture.WebCamCapture/mCapHwnd:Int32\">mCapHwnd</a>, <span style=\"color:#800000\">0x40a</span>, <span style=\"color:#800000\">0</span>, <span style=\"color:#800000\">0</span>);\r\n        <a title=\"int WebCam_Capture.WebCamCapture.SendMessage(int hWnd, uint Msg, int wParam, int lParam);\" href=\"http://www.aisto.com/roeder/dotnet/Default.aspx?Target=code://WebCam_Capture:1.0.2395.24959/WebCam_Capture.WebCamCapture/SendMessage(Int32,UInt32,Int32,Int32):Int32\">SendMessage</a>(<span style=\"color:#1000a0\">this</span>.<a title=\"int WebCam_Capture.WebCamCapture.mCapHwnd;\" href=\"http://www.aisto.com/roeder/dotnet/Default.aspx?Target=code://WebCam_Capture:1.0.2395.24959/WebCam_Capture.WebCamCapture/mCapHwnd:Int32\">mCapHwnd</a>, <span style=\"color:#800000\">0x432</span>, <span style=\"color:#800000\">0</span>, <span style=\"color:#800000\">0</span>);\r\n        <span style=\"color:#1000a0\">this</span>.<a title=\"ulong WebCam_Capture.WebCamCapture.m_FrameNumber;\" href=\"http://www.aisto.com/roeder/dotnet/Default.aspx?Target=code://WebCam_Capture:1.0.2395.24959/WebCam_Capture.WebCamCapture/m_FrameNumber:UInt64\">m_FrameNumber</a> = <a title=\"ulong FrameNum; // Parameter\">FrameNum</a>;\r\n        <span style=\"color:#1000a0\">this</span>.<a title=\"Timer WebCam_Capture.WebCamCapture.timer1;\" href=\"http://www.aisto.com/roeder/dotnet/Default.aspx?Target=code://WebCam_Capture:1.0.2395.24959/WebCam_Capture.WebCamCapture/timer1:System.Windows.Forms.Timer\">timer1</a>.<a title=\"int System.Windows.Forms.Timer.Interval { ... }\" href=\"http://www.aisto.com/roeder/dotnet/Default.aspx?Target=code://System.Windows.Forms:2.0.0.0:b77a5c561934e089/System.Windows.Forms.Timer/property:Interval:Int32\">Interval</a> = <span style=\"color:#1000a0\">this</span>.<a title=\"int WebCam_Capture.WebCamCapture.m_TimeToCapture_milliseconds;\" href=\"http://www.aisto.com/roeder/dotnet/Default.aspx?Target=code://WebCam_Capture:1.0.2395.24959/WebCam_Capture.WebCamCapture/m_TimeToCapture_milliseconds:Int32\">m_TimeToCapture_milliseconds</a>;\r\n        <span style=\"color:#1000a0\">this</span>.<a title=\"bool WebCam_Capture.WebCamCapture.bStopped;\" href=\"http://www.aisto.com/roeder/dotnet/Default.aspx?Target=code://WebCam_Capture:1.0.2395.24959/WebCam_Capture.WebCamCapture/bStopped:Boolean\">bStopped</a> = <span style=\"color:#800000\">false</span>;\r\n        <span style=\"color:#1000a0\">this</span>.<a title=\"Timer WebCam_Capture.WebCamCapture.timer1;\" href=\"http://www.aisto.com/roeder/dotnet/Default.aspx?Target=code://WebCam_Capture:1.0.2395.24959/WebCam_Capture.WebCamCapture/timer1:System.Windows.Forms.Timer\">timer1</a>.<a title=\"void System.Windows.Forms.Timer.Start();\" href=\"http://www.aisto.com/roeder/dotnet/Default.aspx?Target=code://System.Windows.Forms:1.0.5000.0:b77a5c561934e089/System.Windows.Forms.Timer/Start()\">Start</a>();\r\n    }\r\n    <span style=\"color:#1000a0\">catch</span> (<a title=System.Exception href=\"http://www.aisto.com/roeder/dotnet/Default.aspx?Target=code://mscorlib:1.0.5000.0:b77a5c561934e089/System.Exception\">Exception</a> <strong>exception</strong>)\r\n    {\r\n        <a title=System.Windows.Forms.MessageBox href=\"http://www.aisto.com/roeder/dotnet/Default.aspx?Target=code://System.Windows.Forms:1.0.5000.0:b77a5c561934e089/System.Windows.Forms.MessageBox\">MessageBox</a>.<a title=\"DialogResult System.Windows.Forms.MessageBox.Show(string);\" href=\"http://www.aisto.com/roeder/dotnet/Default.aspx?Target=code://System.Windows.Forms:1.0.5000.0:b77a5c561934e089/System.Windows.Forms.MessageBox/Show(String):System.Windows.Forms.DialogResult\">Show</a>(<span style=\"color:#800000\">&quot;An error ocurred while starting the video capture. Check that your webcamera is connected properly and turned on.\\r\\n\\n&quot;</span> + <a title=\"Exception exception // Local Variable\">exception</a>.<a title=\"string System.Exception.Message { ... }\" href=\"http://www.aisto.com/roeder/dotnet/Default.aspx?Target=code://mscorlib:2.0.0.0:b77a5c561934e089/System.Exception/property:Message:String\">Message</a>);\r\n        <span style=\"color:#1000a0\">this</span>.<a title=\"void WebCam_Capture.WebCamCapture.Stop();\" href=\"http://www.aisto.com/roeder/dotnet/Default.aspx?Target=code://WebCam_Capture:1.0.2395.24959/WebCam_Capture.WebCamCapture/Stop()\">Stop</a>();\r\n    }\r\n}\r\n</pre>\r\n</td>\r\n</tr>\r\n</tbody>\r\n</table>",
    "PostedDate": "2010-02-27T05:48:38.913-08:00",
    "UserRole": null,
    "MarkedAsAnswerDate": null
  },
  {
    "Id": "895066",
    "ThreadId": "78590",
    "Html": "<p>Hi</p>\r\n<p>best site for learning :</p>\r\n<p>please visit our site :<br /><br />news,articles,shop,forums :<br /><br /><a title=\"http://www.zunkan.ir\" href=\"http://www.zunkan.ir\">http://www.zunkan.ir</a></p>",
    "PostedDate": "2012-08-03T02:47:44.72-07:00",
    "UserRole": null,
    "MarkedAsAnswerDate": null
  },
  {
    "Id": "1353580",
    "ThreadId": "78590",
    "Html": "<strong>Hi,</strong><br />\nthe WebCam_Capture.dll is made by <a href=\"http://easywebcam.codeplex.com/\" rel=\"nofollow\">http://easywebcam.codeplex.com/</a>. See Predrag Tomasevic, 29 Jan 2013 - <a href=\"http://www.codeproject.com/Articles/125478/Versatile-WebCam-C-library\" rel=\"nofollow\">http://www.codeproject.com/Articles/125478/Versatile-WebCam-C-library</a> :<br />\n<br />\n&quot;... EasyWebCam project – for most part it is bad, but it does have a Video Format window. I decompiled WebCam_Capture.dll from the project only to find out that everything is implemented using PInvoke - meaning that it’s useless for our approach. So, if somebody can bring up that same window using C++ and DirectShow – please help out by extending the existing CameraMethods class...&quot; <br />\n<br />\n<strong>Predrag Tomasevic</strong> uses the Touchless SDK of <strong>John Conwell</strong> and <strong>Gary Caldwell</strong> with a C# and C++ combination using DirectShow <a href=\"http://touchless.codeplex.com/\" rel=\"nofollow\">http://touchless.codeplex.com/</a> , which is by far more featurable and more elegant. The tutorial of Tomasevic is very, very fine and the code is working excellent even with HD PTZ Webcams.<br />\n<br />\nBest regards<br />\nAxel Arnold Bangert - Herzogenrath 2015<br />\n",
    "PostedDate": "2015-02-17T17:46:12.76-08:00",
    "UserRole": null,
    "MarkedAsAnswerDate": null
  }
]