[
  {
    "Id": "635256",
    "ThreadId": "263374",
    "Html": "\r\n<p>I have 2 webcam attached to my computer and i want to take pictures from both webcams simultaneously in one button hit. how do i solve this?</p>\r\n<p>&nbsp;</p>\r\n<p>Thank you</p>\r\n<p>glen.a</p>\r\n",
    "PostedDate": "2011-06-30T01:22:04.75-07:00",
    "UserRole": null,
    "MarkedAsAnswerDate": null
  },
  {
    "Id": "1120617",
    "ThreadId": "263374",
    "Html": "hi <br />\n<br />\nstudy your subject ???<br />\n<br />\nvisit this site : <a href=\"http://www.zunkan.ir\" rel=\"nofollow\">http://www.zunkan.ir</a><br />\n",
    "PostedDate": "2013-11-08T11:22:47.89-08:00",
    "UserRole": null,
    "MarkedAsAnswerDate": null
  },
  {
    "Id": "1237391",
    "ThreadId": "263374",
    "Html": "Have you succeeded in acquiring image from your webcam? If so, you might want to check out this <a href=\"http://www.yiigo.com/guides/vbnet/how-to-twain-scan.shtml\" rel=\"nofollow\">twain</a> component just in case you want to process your images further (for example printing it out).\r<br />\n<br />\nKind regards,\r<br />\nCatherine<br />\n",
    "PostedDate": "2014-04-24T00:12:06.603-07:00",
    "UserRole": null,
    "MarkedAsAnswerDate": null
  }
]