[
  {
    "Id": "859103",
    "ThreadId": "362515",
    "Html": "\r\n<p>Hi friends!</p>\r\n<p>I'm working with WebCam Library to capture an image. My UI also contains a textBox which allows user to name the image file in order to save the file.</p>\r\n<p>I noticed cursor inside textbox is not responding accurately, since not all keydowns are registered while WebCam is started.&nbsp; I wouldn't like to stop the camera in order to allow user to keep watching what webcam registers while user is typing the image\r\n name.</p>\r\n<p>I checked that if webCam stops, cursor in textbox is behaving as expected. Any suggestion will be welcome, thank you in advance!</p>\r\n",
    "PostedDate": "2012-07-09T03:56:43.513-07:00",
    "UserRole": null,
    "MarkedAsAnswerDate": null
  }
]