[
  {
    "Id": "430877",
    "ThreadId": "209308",
    "Html": "<p>Hey,</p>\r\n<p>First thanks for your source, it's very simple to understaud for begnner like me !</p>\r\n<p>I try to resize the imgVideo picturebox but que capture is lock to 320x240.</p>\r\n<p>How can I show the capture image in 640x480 ?</p>\r\n<p>&nbsp;</p>\r\n<p>Thanks for your help and sorry for my bad english ...</p>\r\n<p>Marc</p>",
    "PostedDate": "2010-04-14T05:45:15.867-07:00",
    "UserRole": null,
    "MarkedAsAnswerDate": null
  },
  {
    "Id": "430986",
    "ThreadId": "209308",
    "Html": "<p>Finally I find a solution :</p>\r\n<p>Change the picturebox property &quot;SizeMode&quot;&nbsp;value to StretchImage !</p>\r\n<p>&nbsp;</p>",
    "PostedDate": "2010-04-14T08:40:22.22-07:00",
    "UserRole": null,
    "MarkedAsAnswerDate": null
  },
  {
    "Id": "460241",
    "ThreadId": "209308",
    "Html": "<p>Thanks for the code indeed! I however experience the same problem as described here: I cannot save the image in another resolution than 320x240.</p>\r\n<p>Even if I change the recording/input resolution to a lower or even higher format in the 'video format' window, I end up with a 320x240 output image. Tracing back to the WebCamImage property (WebCam_Capture.WebcamEventArgs), the size of this image is fixed to this size. Is there a solution to this issue that I am missing? Thanks!</p>",
    "PostedDate": "2010-06-26T10:02:17.657-07:00",
    "UserRole": null,
    "MarkedAsAnswerDate": null
  },
  {
    "Id": "460252",
    "ThreadId": "209308",
    "Html": "\r\nHey,<br>\r\nI didn't find anything ...<br> <br>\r\n<hr id=stopSpelling>\r\nFrom: [email removed]<br>To: [email removed]<br>Date: Sat, 26 Jun 2010 10:02:21 -0700<br>Subject: Re: Size Up the picturebox ... [easywebcam:209308]<br><br>\r\n\r\n\r\nFrom: bartvanvelden<br>\r\n<div id=ecxThreadNotificationPostBody>\r\nThanks for the code indeed! I however experience the same problem as described here: I cannot save the image in another resolution than 320x240.<br>\r\nEven if I change the recording/input resolution to a lower or even higher format in the 'video format' window, I end up with a 320x240 output image. Tracing back to the WebCamImage property (WebCam_Capture.WebcamEventArgs), the size of this image is fixed to this size. Is there a solution to this issue that I am missing? Thanks!<br></div>\r\n<div id=ecxThreadNotificationFooter>\r\nRead the <a href=\"http://easywebcam.codeplex.com/Thread/View.aspx?ThreadId=209308&ANCHOR#Post460241\">full discussion online</a>.<br>\r\nTo add a post to this discussion, reply to this email (<a href=\"mailto:easywebcam@discussions.codeplex.com?subject=[easywebcam:209308]\">easywebcam@discussions.codeplex.com</a>)<br>\r\nTo start a new discussion for this project, email <a href=\"mailto:easywebcam@discussions.codeplex.com\">easywebcam@discussions.codeplex.com</a><br>\r\nYou are receiving this email because you subscribed to this discussion on CodePlex. You can <a href=\"http://www.codeplex.com/site/discussions/thread/unsubscribe/209308\">unsubscribe</a> on CodePlex.com.<br>\r\nPlease note: Images and attachments will be removed from emails. Any posts to this discussion will also be available online at CodePlex.com<br></div> \t\t \t   \t\t  <br><hr>Vous voulez protéger votre numéro de CB ? <a href=\"http://clk.atdmt.com/FRM/go/232102479/direct/01/\">Utilisez Internet Explorer 8</a>",
    "PostedDate": "2010-06-26T11:20:02.107-07:00",
    "UserRole": null,
    "MarkedAsAnswerDate": null
  },
  {
    "Id": "548772",
    "ThreadId": "209308",
    "Html": "\r\n<p>Perhaps what you are looking for is CaptureHeight and CaptureWidth.</p>\r\n<p>In my case, i have a picturebox of 640x480, and with those properties y fill all my pictureBox.</p>\r\n",
    "PostedDate": "2011-01-13T08:34:01.933-08:00",
    "UserRole": null,
    "MarkedAsAnswerDate": null
  },
  {
    "Id": "1490621",
    "ThreadId": "209308",
    "Html": "Having the same issue\r<br />\nPlease help\r<br />\nHow to increase resolution of capturing<br />\n",
    "PostedDate": "2017-01-04T08:42:27.357-08:00",
    "UserRole": null,
    "MarkedAsAnswerDate": null
  }
]