[
  {
    "Id": "414336",
    "ThreadId": "203860",
    "Html": "<p>Really good work! But i have an error when i push the &quot;Video Source&quot; button.<br><br>System.AccessViolationException was unhandled</p>\r\n<div id=\":1uk\">&nbsp; Message=&quot;Attempted to read or write protected memory. This is often an indication that other memory is corrupt.&quot;<br> &nbsp; Source=&quot;WebCam_Capture&quot;<br>&nbsp; StackTrace:<br>&nbsp;&nbsp;&nbsp;&nbsp;&nbsp;&nbsp; at WebCam_Capture.WebCamCapture.SendMessage(Int32 hWnd, UInt32 Msg, Int32 wParam, Int32 lParam)<br>&nbsp;&nbsp;&nbsp;&nbsp;&nbsp;&nbsp; at WebCam_Capture.WebCamCapture.Config2()<br>&nbsp;&nbsp;&nbsp;&nbsp;&nbsp;&nbsp; at WinFormCharpWebCam.WebCam.AdvanceSetting() in D:\\Repositorio Tolon\\WinFormCharpWebCam\\WinFormCharpWebCam\\WebCam.cs:line 59<br> &nbsp;&nbsp;&nbsp;&nbsp;&nbsp;&nbsp; at WinFormCharpWebCam.mainWinForm.bntVideoSource_Click(Object sender, EventArgs e) in D:\\Repositorio Tolon\\WinFormCharpWebCam\\WinFormCharpWebCam\\Form1.cs:line 60<br>&nbsp;&nbsp;&nbsp;&nbsp;&nbsp;&nbsp; at System.Windows.Forms.Control.OnClick(EventArgs e)<br> &nbsp;&nbsp;&nbsp;&nbsp;&nbsp;&nbsp; at System.Windows.Forms.Button.OnClick(EventArgs e)<br>&nbsp;&nbsp;&nbsp;&nbsp;&nbsp;&nbsp; at System.Windows.Forms.Button.OnMouseUp(MouseEventArgs mevent)<br>&nbsp;&nbsp;&nbsp;&nbsp;&nbsp;&nbsp; at System.Windows.Forms.Control.WmMouseUp(Message&amp; m, MouseButtons button, Int32 clicks)<br> &nbsp;&nbsp;&nbsp;&nbsp;&nbsp;&nbsp; at System.Windows.Forms.Control.WndProc(Message&amp; m)<br>&nbsp;&nbsp;&nbsp;&nbsp;&nbsp;&nbsp; at System.Windows.Forms.ButtonBase.WndProc(Message&amp; m)<br>&nbsp;&nbsp;&nbsp;&nbsp;&nbsp;&nbsp; at System.Windows.Forms.Button.WndProc(Message&amp; m)<br>&nbsp;&nbsp;&nbsp;&nbsp;&nbsp;&nbsp; at System.Windows.Forms.Control.ControlNativeWindow.OnMessage(Message&amp; m)<br> &nbsp;&nbsp;&nbsp;&nbsp;&nbsp;&nbsp; at System.Windows.Forms.Control.ControlNativeWindow.WndProc(Message&amp; m)<br>&nbsp;&nbsp;&nbsp;&nbsp;&nbsp;&nbsp; at System.Windows.Forms.NativeWindow.DebuggableCallback(IntPtr hWnd, Int32 msg, IntPtr wparam, IntPtr lparam)<br>&nbsp;&nbsp;&nbsp;&nbsp;&nbsp;&nbsp; at System.Windows.Forms.UnsafeNativeMethods.DispatchMessageW(MSG&amp; msg)<br> &nbsp;&nbsp;&nbsp;&nbsp;&nbsp;&nbsp; at System.Windows.Forms.Application.ComponentManager.System.Windows.Forms.UnsafeNativeMethods.IMsoComponentManager.FPushMessageLoop(Int32 dwComponentID, Int32 reason, Int32 pvLoopData)<br>&nbsp;&nbsp;&nbsp;&nbsp;&nbsp;&nbsp; at System.Windows.Forms.Application.ThreadContext.RunMessageLoopInner(Int32 reason, ApplicationContext context)<br> &nbsp;&nbsp;&nbsp;&nbsp;&nbsp;&nbsp; at System.Windows.Forms.Application.ThreadContext.RunMessageLoop(Int32 reason, ApplicationContext context)<br>&nbsp;&nbsp;&nbsp;&nbsp;&nbsp;&nbsp; at System.Windows.Forms.Application.Run(Form mainForm)<br>&nbsp;&nbsp;&nbsp;&nbsp;&nbsp;&nbsp; at WinFormCharpWebCam.Program.Main() in D:\\Repositorio Tolon\\WinFormCharpWebCam\\WinFormCharpWebCam\\Program.cs:line 18<br> &nbsp;&nbsp;&nbsp;&nbsp;&nbsp;&nbsp; at System.AppDomain._nExecuteAssembly(Assembly assembly, String[] args)<br>&nbsp;&nbsp;&nbsp;&nbsp;&nbsp;&nbsp; at System.AppDomain.ExecuteAssembly(String assemblyFile, Evidence assemblySecurity, String[] args)<br>&nbsp;&nbsp;&nbsp;&nbsp;&nbsp;&nbsp; at Microsoft.VisualStudio.HostingProcess.HostProc.RunUsersAssembly()<br> &nbsp;&nbsp;&nbsp;&nbsp;&nbsp;&nbsp; at System.Threading.ThreadHelper.ThreadStart_Context(Object state)<br>&nbsp;&nbsp;&nbsp;&nbsp;&nbsp;&nbsp; at System.Threading.ExecutionContext.Run(ExecutionContext executionContext, ContextCallback callback, Object state)<br>&nbsp;&nbsp;&nbsp;&nbsp;&nbsp;&nbsp; at System.Threading.ThreadHelper.ThreadStart()<br> &nbsp; InnerException: <br><br>Can u help me? I develop with VS 2005 and 2008 and use a Logitech Orbit AF WebCamera<br>Thanks.</div>",
    "PostedDate": "2010-03-04T13:05:17.8-08:00",
    "UserRole": null,
    "MarkedAsAnswerDate": null
  }
]