[
  {
    "Id": "288085",
    "ThreadId": "83888",
    "Html": "<p>Hello,</p>\r\n<p>I'm trying to integrate a photo capture from a webcam in a C# applitation, so I have tried to run WinFormCharpWebCam solution and when it start to run, no image is shown in the form....the if I click on the START button the next error message that appears in the alert pop-up window is:</p>\r\n<p>An error ocurred while capturing the video image. The video capture will now be terminated. Referencia a objeto no establecida como instancia de un objeto.</p>\r\n<p>I have been testing also some demos with AVICAP32.DLL and it seems to be the same problem.</p>\r\n<p>Could be related with my webcam drivers? It's a Creative LIVE! CAM video IM Ultra</p>\r\n<p>Thank you very much for your help in advance.</p>\r\n<p>H&eacute;ctor</p>",
    "PostedDate": "2010-02-10T00:52:01.417-08:00",
    "UserRole": null,
    "MarkedAsAnswerDate": null
  },
  {
    "Id": "289699",
    "ThreadId": "83888",
    "Html": "<p>Greetings Hector</p>\r\n<p>I am using a Logitech Quickcam Orbit AF Web camera and both the WinFormCsharpWebCam and the WPFCSharpWebCam demos&nbsp;work fine on my system.</p>\r\n<p>I am also using Visual Studio 2008 if that helps.&nbsp;</p>\r\n<p>I believe that I would suspect your camera or driver.&nbsp; Have you looked to see if that camera has other problems listed while working with Skype or other applications?&nbsp; I seem to recall that camera having several comments about problems of some sort.</p>\r\n<p>Hope this helps.</p>\r\n<p>Ray</p>\r\n<p>&nbsp;</p>\r\n<p>&nbsp;</p>",
    "PostedDate": "2010-02-11T08:34:01.04-08:00",
    "UserRole": null,
    "MarkedAsAnswerDate": null
  }
]