[
  {
    "Id": "1083682",
    "ThreadId": "454223",
    "Html": "Can I use this and start up two cameras simultaneously? \r<br />\nAny help is appreciated.\r<br />\nThanks<br />\n",
    "PostedDate": "2013-08-22T08:16:16.983-07:00",
    "UserRole": null,
    "MarkedAsAnswerDate": null
  },
  {
    "Id": "1120616",
    "ThreadId": "454223",
    "Html": "hi\r<br />\n<br />\nfor more sudy this subject vist this site:\r<br />\n<br />\n<a href=\"http://www.zunkan.ir/\" rel=\"nofollow\">http://www.zunkan.ir/</a><br />\n",
    "PostedDate": "2013-11-08T11:21:52.977-08:00",
    "UserRole": null,
    "MarkedAsAnswerDate": null
  }
]