{
  "WorkItem": {
    "AffectedComponent": {
      "Name": "",
      "DisplayName": ""
    },
    "ClosedComment": "",
    "ClosedDate": null,
    "CommentCount": 0,
    "Custom": null,
    "Description": "Hit [start]\nSelect source from dialog\nWebcam tally LED comes on (so far so good)\nException dialog for \"Object reference not set to the instance of an object\"",
    "LastUpdatedDate": "2015-06-08T05:20:42.6-07:00",
    "PlannedForRelease": "",
    "ReleaseVisibleToPublic": false,
    "Priority": {
      "Name": "Unassigned",
      "Severity": 0,
      "Id": 0
    },
    "ProjectName": "easywebcam",
    "ReportedDate": "2015-01-15T11:27:44.12-08:00",
    "Status": {
      "Name": "Proposed",
      "Id": 1
    },
    "ReasonClosed": {
      "Name": "Unassigned"
    },
    "Summary": "WPF C# sample fails with null reference",
    "Type": {
      "Name": "Unassigned",
      "Id": 5
    },
    "VoteCount": 1,
    "Id": 21666
  },
  "FileAttachments": [],
  "Comments": [
    {
      "Message": "same problem here ...where is the author of the web_capture dll ...atleast he should clear our problems...",
      "PostedDate": "2015-06-08T05:20:42.6-07:00",
      "Id": -2147483648
    }
  ]
}