{
  "WorkItem": {
    "AffectedComponent": {
      "Name": "",
      "DisplayName": ""
    },
    "ClosedComment": "",
    "ClosedDate": null,
    "CommentCount": 0,
    "Custom": null,
    "Description": "I am working on a windows form application in visual studio 2012. The webcam was working great when I build the solution at first but later on when I rebuild the solution and click on start button I get the following error.\nAn error occured while capturing the video image. The video capture will now be terminated. Object reference not set to an instance of an object.\nI just take snapshot of my screen and when I build the solution again and clicked on the start button I get the snapshot pic in the picture box.....!!\nAny help would be highly appreciated. \nThanks",
    "LastUpdatedDate": "2015-06-08T05:17:10.86-07:00",
    "PlannedForRelease": "",
    "ReleaseVisibleToPublic": false,
    "Priority": {
      "Name": "Unassigned",
      "Severity": 0,
      "Id": 0
    },
    "ProjectName": "easywebcam",
    "ReportedDate": "2015-01-09T20:38:40.353-08:00",
    "Status": {
      "Name": "Proposed",
      "Id": 1
    },
    "ReasonClosed": {
      "Name": "Unassigned"
    },
    "Summary": "An error occured while capturing the image",
    "Type": {
      "Name": "Unassigned",
      "Id": 5
    },
    "VoteCount": 1,
    "Id": 21656
  },
  "FileAttachments": [
    {
      "FileId": 8807,
      "FileName": "webcam.PNG",
      "DownloadUrl": ".\\8807"
    }
  ],
  "Comments": [
    {
      "Message": "hye...I got solution",
      "PostedDate": "2015-01-13T01:28:32.423-08:00",
      "Id": -2147483648
    },
    {
      "Message": "Would you please share it...?",
      "PostedDate": "2015-01-13T23:43:21.927-08:00",
      "Id": -2147483648
    },
    {
      "Message": "Would you please share it...?",
      "PostedDate": "2015-01-14T00:06:19.667-08:00",
      "Id": -2147483648
    },
    {
      "Message": "clear webcam buffer be four start option ",
      "PostedDate": "2015-01-15T23:28:43.603-08:00",
      "Id": -2147483648
    },
    {
      "Message": "same problem here......object reference not set to an instance of an object,,.,,tried everything....only webcam.continue()  helped to some extent...bt webcam does not run as smooth as should be...",
      "PostedDate": "2015-06-08T05:17:10.86-07:00",
      "Id": -2147483648
    }
  ]
}