{
  "WorkItem": {
    "AffectedComponent": {
      "Name": "",
      "DisplayName": ""
    },
    "ClosedComment": "",
    "ClosedDate": null,
    "CommentCount": 0,
    "Custom": null,
    "Description": "Everything is working fine when I am running it as an individual project. But after adding the same code and same reference in my own project I got this error.\n\nError\t292\tAssembly generation failed -- Referenced assembly 'WebCam_Capture' does not have a strong name\n\nI tried searching in google but I didnot understood the solution they have given.\n\nCould any one please help me.",
    "LastUpdatedDate": "2015-01-07T06:20:08.743-08:00",
    "PlannedForRelease": "",
    "ReleaseVisibleToPublic": false,
    "Priority": {
      "Name": "Unassigned",
      "Severity": 0,
      "Id": 0
    },
    "ProjectName": "easywebcam",
    "ReportedDate": "2015-01-07T06:20:08.743-08:00",
    "Status": {
      "Name": "Proposed",
      "Id": 1
    },
    "ReasonClosed": {
      "Name": "Unassigned"
    },
    "Summary": "Error\t292\tAssembly generation failed -- Referenced assembly 'WebCam_Capture' does not have a strong name",
    "Type": {
      "Name": "Unassigned",
      "Id": 5
    },
    "VoteCount": 1,
    "Id": 21645
  },
  "FileAttachments": [],
  "Comments": []
}