{
  "WorkItem": {
    "AffectedComponent": {
      "Name": "",
      "DisplayName": ""
    },
    "ClosedComment": "",
    "ClosedDate": null,
    "CommentCount": 0,
    "Custom": null,
    "Description": "I am working on a windows form application in visual studio 2012. The webcam was working great when I build the solution at  first but later on when I rebuild the solution and click on start button I  get prompt first for selecting the video source device.I have acer v5 built in Hd cam. When I press ok then I get the following error.\nAn error occurred while capturing the video image. The video capture will now be terminated.\nObject reference not set to an instance of an object.\nAlso I just take snapshot of my screen and when I build the application and clicked on the start button I get the snapshot pic in the picture box..\nAny help would be highly appreciated.\nThanks.",
    "LastUpdatedDate": "2015-01-13T03:37:19.273-08:00",
    "PlannedForRelease": "",
    "ReleaseVisibleToPublic": false,
    "Priority": {
      "Name": "Unassigned",
      "Severity": 0,
      "Id": 0
    },
    "ProjectName": "easywebcam",
    "ReportedDate": "2015-01-09T20:52:11.41-08:00",
    "Status": {
      "Name": "Proposed",
      "Id": 1
    },
    "ReasonClosed": {
      "Name": "Unassigned"
    },
    "Summary": "An error occured while capturing the video image",
    "Type": {
      "Name": "Unassigned",
      "Id": 5
    },
    "VoteCount": 1,
    "Id": 21657
  },
  "FileAttachments": [
    {
      "FileId": 8808,
      "FileName": "webcam.PNG",
      "DownloadUrl": ".\\8808"
    }
  ],
  "Comments": [
    {
      "Message": "hey did u solve this prob.. I am getting same error. m using windows 8.1 OS. and Microsoft lifecam",
      "PostedDate": "2015-01-12T23:43:57.337-08:00",
      "Id": -2147483648
    },
    {
      "Message": "didn't find any solution yet!",
      "PostedDate": "2015-01-13T03:37:19.273-08:00",
      "Id": -2147483648
    }
  ]
}