[
  {
    "Id": 15855,
    "Title": "Problem when using as windows service using C#"
  },
  {
    "Id": 20851,
    "Title": "After stop is clicked, then after continue is clicked, the app is not working"
  },
  {
    "Id": 21241,
    "Title": "BEWARE: THIS DOESN'T WORK"
  },
  {
    "Id": 21645,
    "Title": "Error\t292\tAssembly generation failed -- Referenced assembly 'WebCam_Capture' does not have a strong name"
  },
  {
    "Id": 21656,
    "Title": "An error occured while capturing the image"
  },
  {
    "Id": 21657,
    "Title": "An error occured while capturing the video image"
  },
  {
    "Id": 21666,
    "Title": "WPF C# sample fails with null reference"
  }
]