{
  "WorkItem": {
    "AffectedComponent": {
      "Name": "",
      "DisplayName": ""
    },
    "ClosedComment": "",
    "ClosedDate": null,
    "CommentCount": 0,
    "Custom": null,
    "Description": "the execution stay \"forever\" blocked on the line  \"webcam.Start(0);\"\n \nThe steps I made\nCreate 2 threads in thread 1 create a window Form with PictureBox inside. In the other initialize the webcam class and pass the PictureBox as argument , I disabled the cross thread safe check.",
    "LastUpdatedDate": "2013-05-09T22:01:11.17-07:00",
    "PlannedForRelease": "",
    "ReleaseVisibleToPublic": false,
    "Priority": {
      "Name": "Low",
      "Severity": 50,
      "Id": 1
    },
    "ProjectName": "easywebcam",
    "ReportedDate": "2011-05-10T17:18:13.723-07:00",
    "Status": {
      "Name": "Proposed",
      "Id": 1
    },
    "ReasonClosed": {
      "Name": "Unassigned"
    },
    "Summary": "Problem when using as windows service using C#",
    "Type": {
      "Name": "Issue",
      "Id": 3
    },
    "VoteCount": 1,
    "Id": 15855
  },
  "FileAttachments": [],
  "Comments": [
    {
      "Message": "I can't be sure this is your problem, but I have had issues with starting object in a secondary thread.  I can create it on the main thread, give it to the secondary thread to use and continue on in my main thread doing other things.  \n",
      "PostedDate": "2013-05-09T22:01:11.17-07:00",
      "Id": -2147483648
    }
  ]
}