{
  "WorkItem": {
    "AffectedComponent": {
      "Name": "",
      "DisplayName": ""
    },
    "ClosedComment": "",
    "ClosedDate": null,
    "CommentCount": 0,
    "Custom": null,
    "Description": "Hi,\nThe app is working when start is clicked till stop is clicked, and we can take any no of pictures and save them.\nBut when STOP is clicked, I am not able to resume the app. CONTINUE functionality is not working.\n\n\n\nThanks & Regards,\nRavi\nSkype: ravi.sirikonda",
    "LastUpdatedDate": "2014-03-24T22:23:08.15-07:00",
    "PlannedForRelease": "",
    "ReleaseVisibleToPublic": false,
    "Priority": {
      "Name": "Unassigned",
      "Severity": 0,
      "Id": 0
    },
    "ProjectName": "easywebcam",
    "ReportedDate": "2014-03-24T22:23:08.15-07:00",
    "Status": {
      "Name": "Proposed",
      "Id": 1
    },
    "ReasonClosed": {
      "Name": "Unassigned"
    },
    "Summary": "After stop is clicked, then after continue is clicked, the app is not working",
    "Type": {
      "Name": "Unassigned",
      "Id": 5
    },
    "VoteCount": 1,
    "Id": 20851
  },
  "FileAttachments": [],
  "Comments": []
}