[
  {
    "Id": "0",
    "Name": "EasyWebCam Library and Example",
    "DevelopmentStatus": "Stable",
    "Description": "This release will show how to use WinForm and WPF display video and capture image from webcam with C# and VB.NET.\n\n!! WPF UI Example\n[image:http://lh5.ggpht.com/_S-lUyWl3jrU/SyJIwQphuVI/AAAAAAAACz4/dPgigYm4UHo/4.png]",
    "ReleasedDatge": "0001-01-01T00:00:00",
    "ModifiedDate": "2009-12-12T14:58:46.05-08:00",
    "Files": [
      {
        "Id": "00f8beef-73b1-44c8-a66d-eb5fa735bece",
        "FileName": "EasyWebCam.zip",
        "Url": "./0/00f8beef-73b1-44c8-a66d-eb5fa735bece",
        "Type": "Example",
        "UploadDate": "2009-12-12T12:33:43.573-08:00"
      },
      {
        "Id": "d7a02232-a9d6-4fe7-a9ce-c3e019f34dc0",
        "FileName": "DLL for Add Reference.zip",
        "Url": "./0/d7a02232-a9d6-4fe7-a9ce-c3e019f34dc0",
        "Type": "Application",
        "UploadDate": "2009-12-12T12:34:30.723-08:00"
      }
    ]
  }
]